graack			= William Graack
cuellar			= Kenneth Cuellar
hierwarter		= Chris Hierwarter
danny			= Danny Hickey
gonzalFord		= Nick Gonzales & Matt Ford
neilChallenge	= Dr. McCurdy
miller			= Ryan Miller
Ballard			= Marquel Ballard
MattLyon		= Matt Lyon
barrel			= Shane Jackson
isaac			= Isaac Dana
mlp				= Micah Parham